date,Name,open,high,low,close,volume,return,log_return,close_to_SMA,RSI_14,MACD,MACD_hist,BB_width,volatility_20,price_momentum_20,volume_ratio,OBV_change,close_position,return_lag_1,daily_return,price_range
2017-08-15,BHF,57.48,59.0,57.11,58.01,1815953,0.6725082173052693,0.6729099543317038,-2.633974187802141,-2.045640258913452,-1.6963249348971474,-1.1648523061376566,3.1792736803442154,1.063659718562458,-2.6830730743543305,0.4311799471770992,-0.0014880232975741,-1.283105990410894,-0.688748174516369,0.6703161237287224,1.12397042560495
2017-08-16,BHF,57.51,58.72,56.97,57.5,3090574,-0.5803430370919528,-0.5715313137484092,-2.611198259484861,-2.008832018047375,-1.70584747041598,-0.9574234351817602,3.237282576580808,1.049973976257702,-2.790075077987955,1.7751912589826202,-0.000784725262823,-1.316236069721534,0.6722327006098352,-0.0394537070292548,0.9451370314053168
2017-08-17,BHF,57.05,57.58,55.16,55.97,1922733,-1.6896012147530055,-1.6946147397374962,-3.0046205905699943,-2.058859492833676,-1.7550730136070316,-0.8936751966933335,3.3867248336870035,1.089966855473789,-2.932254509510686,0.2001278598057301,-0.0009981431159666,-1.6539517239238597,-0.5809453888476129,-1.4565694513507856,2.0121222163878296
2017-08-18,BHF,55.69,57.92,55.18,57.45,2680992,1.6132768799051778,1.5911922074017362,-2.1646426852363096,-1.5877583754859834,-1.717733455748639,-0.6198595259862327,3.3554587741592177,1.269673405280186,-2.625877629956818,0.8625581291826033,-0.0015561053392633,-1.3272725290091911,-1.6904929420127643,2.361385763428536,2.3835055872724134
2017-08-21,BHF,57.0,57.94,56.62,56.86,1482007,-0.6723736257176977,-0.6639378756502642,-2.1790444401046587,-1.696717644363183,-1.693535525486979,-0.4346333126264781,3.2872013881553928,1.260572786580852,-2.737867100692866,-0.4987763400479523,-0.0010474151505839,-1.4365342450482428,1.6132467843492608,-0.2118823389680333,0.3434269644037945
2017-08-22,BHF,56.92,57.8,56.57,57.21,1202553,0.3502314125322347,0.3551781284887575,-1.7954216840077413,-1.4939751166138608,-1.6433367967874624,-0.2195267343533726,3.107302279616836,1.2795454573503144,-2.676961280455394,-0.827787225104167,-0.0013907588825966,-1.353986776165438,-0.6729999857687324,0.3586099722749923,0.2004827218129082
2017-08-23,BHF,56.76,57.29,56.24,56.65,1272269,-0.6424087506063938,-0.6338354406911084,-1.7858670127981309,-1.4621308931539712,-1.608744628750472,-0.0876124902192935,2.844090154020678,1.2632282504573729,-2.8108526278121917,-0.7969362405630535,-0.0010772491799087,-1.484073544926291,0.3498718225212113,-0.1727347391500812,-0.0466124754973314
2017-08-24,BHF,56.39,56.64,55.11,55.32,1312191,-1.4946587063016397,-1.495761323174409,-2.108693021701886,-1.722715621561598,-1.6167325284400251,-0.0916814562406709,2.644587715082598,1.2856213814330084,-2.9060864775445943,-0.7970967970526021,-0.0010816589172987,-1.7823067833508497,-0.6430272936306848,-1.4599113393224636,0.7136564787433859
2017-08-25,BHF,55.53,56.63,54.9,55.54,1080305,0.2145955738985438,0.2209660731806915,-1.7714481617140996,-1.3916865579106006,-1.5976837932372798,-0.0253447962702628,2.3831512102158325,1.312325080265431,-2.7265961937650625,-1.042917848330767,-0.0013680263168546,-1.715093708377483,-1.495499578325179,-0.0127109709589634,1.0046373237758697
2017-08-28,BHF,55.78,55.975,55.16,55.34,720494,-0.2571877517250092,-0.2481438398786923,-1.6376394602595403,-0.6259112236950879,-1.57401058492025,0.0396278458937056,2.1473548930171003,1.3022044776815267,-2.539577220402407,-1.3869894074521627,-0.0011551776241459,-1.7590084811965383,0.2142006001599365,-0.6222790010268213,-0.363951288675312
2017-08-29,BHF,55.25,55.87,54.7701,55.76,1221183,0.4395080362652968,0.4433591089017075,-1.2254790175015775,-0.4518679090010761,-1.5228615714110336,0.1623282092041534,1.7287335348926838,1.3177584468440888,-2.4929396583527432,-0.9594970403823764,-0.001386531457456,-1.5898380863670387,-0.2577058009932155,0.6710845429343543,0.0526253658450402
2017-08-30,BHF,55.48,57.47,55.35,57.1,1200353,1.4631619599629242,1.4455754762501625,-0.4479153501016699,-0.5886979076998718,-1.4149742620047692,0.4065318967635798,1.2932265748402545,1.4311594635358735,-1.930587147707512,-1.0028951774079062,-0.001391804790576,-1.159487058720258,0.4391717361145757,2.179773787284585,1.5029426746732557
2017-08-31,BHF,57.06,57.4,56.21,57.07,1722761,-0.0657060452400984,-0.0573184541475114,-0.3053687097860294,-0.4590287538403491,-1.317166129399418,0.575951219234721,0.8417245008579001,1.4260625507456706,-1.7577548897456747,-0.6019600584967612,-0.0010165759818637,-1.1375907726848946,1.4630927034781038,-0.0130757893473322,0.1464651743008781
2017-09-01,BHF,56.9,57.98,56.36,57.49,945958,0.4251847130268557,0.4292200233545248,0.0491049297660259,-0.1492162982145452,-1.210861200342618,0.7333572850085822,0.0234007194943645,1.4201672179945175,-1.7778342455135578,-1.2621771168393865,-0.0013575219366576,-0.7622986684053591,-0.0661741421018626,0.7570850878919333,0.7571226450602803
2017-09-05,BHF,57.19,57.19,53.69,54.08,2855653,-3.7258105824525103,-3.81076707983056,-1.3503701808087123,-1.123566476333378,-1.2481250097606365,0.4897386762740825,-0.303362183625544,1.610154990976424,-1.9854490547051131,0.8030285023164394,-0.0008811540664722,-1.71530652409691,0.4248446763078894,-4.134832932198571,3.8024077370924343
2017-09-06,BHF,54.33,54.59,52.94,53.18,1781390,-1.069095039884547,-1.063866238791953,-1.6857665539872404,-1.1849604598337953,-1.2997898856517145,0.2577756920936458,-0.0204255424373769,0.8259492181192462,-1.1276520676078896,-0.1591233766838533,-0.0010431628627707,-1.7595007136486605,-3.727233501750422,-1.6255168625523786,0.9944680826121745
2017-09-07,BHF,53.36,53.68,52.751,53.0,1359607,-0.2437227589175195,-0.2347057583904979,-1.688139621247394,-0.9545935744400428,-1.3341357388884172,0.1167841709213471,0.2182720228325392,0.8259563257271226,-1.130699167770462,-0.4759334789856212,-0.0011006256518174,-1.7584772617560351,-1.0698248938394563,-0.5360362408427753,-0.1305001596437334
2017-09-08,BHF,53.0,54.592,52.95,54.54,1039377,1.776011084265481,1.748664186677447,-0.8815906230281614,-0.9352097045211656,-1.2876008822667144,0.2121765088287427,0.1874096131679969,0.7991699493904291,-1.1616433786466878,-0.7652988409441536,-0.0013460369539252,-0.9296367954136944,-0.2442372955327116,2.168961734940192,0.917764672912526
2017-09-11,BHF,55.08,56.0,54.83,55.11,1125997,0.617665514964252,0.6189556762728446,-0.5495364854813286,-0.6385305552378601,-1.2159681791804378,0.3530918039047016,0.143510138421362,0.8227552201390709,-0.8920505502382071,-0.6318197705341035,-0.0013589769986915,-0.6264229249796693,1.7760234416690008,0.0148336589277952,0.178024771439978
2017-09-12,BHF,55.11,55.98,54.53,55.19,1339437,0.0573803496154465,0.0650362470150464,-0.4618976146221327,-0.7203971605031328,-1.144552743590716,0.4652647971695136,0.1210326319639288,0.8124365271147035,-0.723087348157761,-0.3073652448852933,-0.0013870640228392,-0.5838665922871755,0.6173756912887517,0.0833576065186102,0.5982801193040446
2017-09-13,BHF,54.91,55.4,54.77,55.35,848884,0.1474947342589083,0.1544618814540782,-0.3248655698785109,-0.5436516060287525,-1.0710088122767054,0.560481903134447,0.0353803249968227,0.7860255770849645,-0.8409163863407899,-0.9082275664383406,-0.0013392153725413,-0.4338999010457123,0.0569443626702701,0.579088393064674,-0.6427287530960311
2017-09-14,BHF,55.12,55.69,54.95,55.62,1115182,0.2707017008438042,0.2765185334194054,-0.1536718640701505,-0.0982394760798276,-0.99235557892357,0.6498068434004314,-0.0281830130767189,0.7853174227355538,-0.6476632643994825,-0.4474293506970633,-0.0013740572889836,-0.057421195859186,0.1470822557232329,0.6590225743310889,-0.4825098784141635
2017-09-15,BHF,55.5,56.59,55.24,56.56,1680274,1.0191894162914177,1.0128914093107204,0.2752032681497569,0.0983258234991082,-0.8845278849832481,0.7963613549375239,-0.0145979733066593,0.7167213013844131,-0.012660722880267,0.382553756603899,-0.0014504468225325,0.5401559020937612,0.2703213636786248,1.416654481039068,0.3978939203941457
2017-09-18,BHF,56.75,57.4,56.4063,57.21,1086316,0.6824870611575629,0.6827220922720268,0.5871661319498539,0.3160302031592339,-0.7663545819635795,0.9402343838417558,-0.0311804548310105,0.6153273548248964,-0.2288306813821799,-0.3804872901315516,-0.0013878802614852,0.9533741081250514,1.019004339359006,0.586085584366835,-0.1437480944840852
2017-09-19,BHF,57.09,57.31,56.77,56.93,989375,-0.337702396829047,-0.3285584847095804,0.4535691625830604,0.1310921202503621,-0.6776060830442016,0.9795938677476748,-0.0276413486332943,0.5999506851102552,-0.1493964279702769,-0.5001349103180717,-0.001103194391282,0.7753724193731099,0.6822141476730207,-0.2380574095982562,-0.8008081074716515
2017-09-20,BHF,56.55,57.54,56.5,57.49,723273,0.579413951664685,0.5812959174369653,0.7105727623925716,-0.0739663189813111,-0.580240592501862,1.0332614429717175,-0.0081777220624671,0.6104840349144263,-0.0955973156430348,-0.8941511173020487,-0.0013398177678244,1.1313757968769929,-0.3382414501939403,1.2295398249339475,-0.083679203361687
2017-09-21,BHF,57.28,58.0635,57.15,57.68,655886,0.1727619518122745,0.1795128131619511,0.7749745430174637,-0.0119164725205391,-0.4916291152582563,1.0536628236169818,0.0519042032962704,0.5909974064263858,0.0995512233478662,-0.9753862780196896,-0.0013339632207866,1.2029119532076271,0.5791141491892666,0.5012797142324821,-0.2714231556032225
2017-09-22,BHF,57.06,58.55,56.81,58.35,903265,0.6901815769907285,0.6902870024005229,1.0158601140958226,0.0546540560262342,-0.3922105888616988,1.097801086613698,0.1659045301759429,0.4850441644893741,0.63693818117237,-0.5475795093338015,-0.0013726541829029,1.3282320359506916,0.1723560648113417,1.6817416835829473,0.8939048055269019
2017-09-25,BHF,57.8,58.94,57.45,58.68,924909,0.3191059685083879,0.3244051214652396,1.0936348502038118,1.6625770857690223,-0.2986864011456283,1.1179397707162702,0.2886108499157329,0.4863265787135124,0.6628393176185841,-0.5018922015393793,-0.0013823041084992,1.3032298267226905,0.6899106707975843,1.123952842592009,0.5248635607826299
2017-09-26,BHF,58.99,60.84,58.501,60.64,946396,2.046515775237552,2.009538823389649,1.8773619564457935,2.4339454269486325,-0.1474274604712132,1.2826589782315476,0.5854095609639852,0.6416117957881087,1.2390773048444916,-0.4806334714375732,-0.0013931123259939,1.360688579428823,0.3187382587095314,2.0869305336474446,1.6232913632330532
2017-09-27,BHF,60.68,61.92,60.28,61.29,1263464,0.6343476966263368,0.6353725911077018,2.040715071346304,2.57097808798939,-0.0036268322269664,1.3952367764404954,0.888807265952801,0.6465732153198052,1.2890621255457864,0.0396112306162099,-0.0014550067864879,1.2144749602211575,2.0465987000102257,0.733185574192975,0.6387137744685231
2017-09-28,BHF,61.2,61.2,59.34,60.43,1219296,-0.9065792091273652,-0.8997242137804677,1.560024710998209,1.93516389578904,0.0739418639576094,1.3148191620432883,1.0530812589384009,0.6320544294652344,0.6890240992551458,-0.0347885010350902,-0.0010208619284278,0.9026856568946724,0.6340622248815458,-0.9768863968278356,0.9738589241441707
2017-09-29,BHF,60.16,61.13,60.16,60.8,628050,0.3481966406231927,0.3531668637113047,1.6390456941317246,1.9145301788696871,0.1465912454970375,1.2378228393130213,1.222676398277828,0.6311247922126224,0.7924114277781016,-0.9608250768432504,-0.0013485220733828,1.0368275664653688,-0.9072666670906148,0.7774258444695529,-0.2617082176995949
2017-10-02,BHF,60.75,61.05,59.92,60.99,896445,0.1615603241313598,0.1684083213614023,1.6405477374784665,1.9260051302282408,0.2075552659662889,1.146147862893168,1.3800403334530793,0.6279908380382063,0.7266424330352863,-0.494562129826669,-0.0013997276642711,1.1057112497584314,0.3478365197951253,0.2721596374336819,-0.0472155062133707
2017-10-03,BHF,60.71,60.815,59.33,60.22,999217,-0.8190050424598936,-0.8114538361314791,1.1392393691135243,1.4622182486679445,0.2213184943734624,0.9513138555329717,1.3440184542666158,-0.2050784088835647,1.4999678365780025,-0.1679353436902116,-0.0010571926311654,0.8265510595707631,0.1611515149282543,-0.636106943353864,0.4638268125177906
2017-10-04,BHF,60.26,60.44,59.41,59.48,745406,-0.7980400109850833,-0.79034078950559,0.6531467741784716,1.05261766218744,0.1991114133304151,0.7028596923349837,1.1515201656176048,-0.254064345584852,1.572373782997638,-0.5737631153754271,-0.001112986935756,0.558267240429368,-0.8196696546879157,-1.0042520374985855,-0.1481314819645148
2017-10-05,BHF,59.45,60.7,59.42,60.57,557450,1.1079128485665064,1.099601040114104,0.9692062482525566,1.0800848993437957,0.2201755920012588,0.6154758393820615,0.9259336112763532,-0.2387537247891968,1.930205689038777,-0.8997393737105509,-0.0013353889403805,0.9425838719757876,-0.7986991540025342,1.3970307894267526,0.1698829647459405
2017-10-06,BHF,60.7,61.3,60.48,61.02,784127,0.4295450973537837,0.4335246628927873,1.019719054406975,1.0432609121718657,0.2500011418446257,0.5681203755941644,0.8267280773856054,-0.3926572695053038,1.5774596267236214,-0.4132078905167832,-0.0013775796338007,1.0380393227343965,1.1077509171816842,0.3719795158892318,-0.4713713496449312
2017-10-09,BHF,60.85,60.98,60.06,60.12,582895,-0.9512561831487328,-0.9448048901794434,0.5007303423775082,0.7769947435144008,0.2338264915673883,0.4118322813291582,0.6895175813911008,-0.2835094512953898,1.1676639155908064,-0.7969199781557483,-0.0011373289783701,0.6331998932759033,0.4292061981413403,-0.932689651382838,-0.3159814095153987
2017-10-10,BHF,60.31,60.49,59.4,60.1,1434902,-0.053707299704581,-0.0453803939737199,0.3799955737594111,0.6478016370175169,0.2160344022657297,0.2826385457118835,0.5183438948692256,-0.2795538420926545,1.1391176894437096,1.0108074665433533,-0.0009927869409524,0.5967234517529783,-0.9519552961280456,-0.2893885933632821,-0.079817467865314
2017-10-11,BHF,60.2,60.78,59.36,60.67,637532,0.5574712011111833,0.5596823083005575,0.5124272312541323,0.7315690386520974,0.2201330561581175,0.2356299533588173,0.3363734214128848,-0.2731320683155271,1.244129977795192,-0.6715838520866207,-0.0013445765083566,0.8467199398825394,-0.0541722664176497,0.563539579135782,0.3592945286962812
2017-10-12,BHF,60.33,60.75,60.081,60.43,457741,-0.2792780440350344,-0.2701963014766586,0.2978622986952147,0.4815262520080346,0.2098210909438156,0.1609303939690086,0.1183128686372138,-0.2529512452790394,1.102611205325203,-1.022918917156928,-0.0011667819911998,0.7014071218352032,0.5571656743646884,0.0989143212827656,-0.6686855597711873
2017-10-13,BHF,60.35,60.42,59.78,60.4,489287,-0.0639035579442606,-0.0555249362639241,0.1988814106799144,0.3842918733834932,0.1965067679011574,0.0934427290914076,-0.0410370690965624,-0.2972467953669871,0.8296296653936936,-0.8757138407302567,-0.0011637106138695,0.5264785242311544,-0.2798018560639773,0.0362781344481911,-0.7082419465786255
2017-10-16,BHF,60.3,60.84,59.81,60.24,607320,-0.1979179966903181,-0.1890143656682631,0.0614218918894318,-0.3564008782755013,0.1759339730544476,0.0207694157174971,-0.1693765351416907,-0.3090313114737413,0.6103633761142861,-0.5515848799677487,-0.001147367392057,0.4125051391110805,-0.0643711845857638,-0.1014924564868998,-0.1663390887953695
2017-10-17,BHF,60.32,60.66,60.0,60.63,520443,0.3700689407538435,0.3747830568856926,0.1505169884446554,-0.4758098432103367,0.1713077124451326,0.0036768696319716,-0.3636930718521755,-0.3234749225442287,0.7870326799702448,-0.7275651009667607,-0.0013216980719677,0.6516990135765,-0.1984205840799588,0.3619635121385373,-0.6841002950371106
2017-10-18,BHF,60.57,60.83,60.24,60.71,402554,0.0491521179228385,0.0568644655974991,0.1144636451743447,-0.0514922097988833,0.1671666848360244,-0.0087481858470157,-0.5353495168578631,-0.3365739157848722,0.6551128824154355,-1.0049492505328754,-0.0013055955504634,0.6557437893151131,0.3697145258182396,0.1483119768400675,-0.781389671147946
2017-10-19,BHF,60.35,61.21,60.04,61.2,654721,0.4694984121336593,0.4729532716820155,0.2503372246553245,0.0035844514721801,0.1794049413837876,0.0234717652265061,-0.7212547857646239,-0.3286499018803179,0.7287895950957005,-0.3538008480053329,-0.0013473602851942,0.9745009230424768,0.048713984454209,1.03779309929287,0.0019572323662843
2017-10-20,BHF,61.25,62.5499,61.14,62.12,755984,0.9029090958158144,0.8990661910614425,0.566319881532501,0.2970586319676112,0.2210665704281222,0.1249829803794614,-0.7812220903338118,-0.3079552301143543,0.7814226507008983,-0.0738124573780048,-0.0013682814373186,1.1626643081946624,0.469169935662141,1.0468271730573822,0.3002130832024232
2017-10-23,BHF,62.06,62.35,61.55,61.73,473334,-0.4238626661110301,-0.4147275799569955,0.3299899996881704,0.4986558984526257,0.2343375782660313,0.1331149822501075,-0.8854580672707817,-0.2855044080926905,0.5958832416800787,-0.7735171033504715,-0.0011603596873592,0.7697338381300266,0.902693684487829,-0.4280582379792433,-0.511254445226656
2017-10-24,BHF,62.11,62.9,61.7125,62.54,849335,0.783932684857725,0.7823848154523754,0.6380068751804336,1.1896036569403083,0.2719025453173534,0.2021528165507885,-0.7560482820734649,-0.5582311360605593,0.2926886849317007,0.250687799578999,-0.0013862151937391,1.1076671685852402,-0.4244241963635036,0.4967436265564813,-0.0088603512535113
2017-10-25,BHF,62.31,63.0,61.8192,62.06,1028645,-0.5108319560564558,-0.501827564871189,0.4137927290616699,0.5513374000087138,0.2778829483442619,0.1760849599086103,-0.7089308724316685,-0.5632805063188905,0.0170334619223428,0.7795102036788052,-0.0010594284291572,0.5914535082702881,0.7836862357969646,-0.3294452025977769,-0.0056183476091422
2017-10-26,BHF,61.95,63.24,61.61,63.19,550698,1.1006098604834738,1.0924683961497896,0.8396664852594149,0.7782866402827268,0.3216899422024223,0.2525956682243028,-0.5528751086630604,-0.5494909521359262,0.5032971140074606,-0.4605969483890201,-0.0013347517206431,1.4003700368803187,-0.5114161742481539,1.4859387130514956,0.5584719614167964
2017-10-27,BHF,62.95,63.66,62.85,63.63,482458,0.4005145836198368,0.4048596479774852,0.9656586517123072,1.4926176389318344,0.3677880069683404,0.319701411953521,-0.3807542417495152,-0.5470128602627611,0.5161239571440963,-0.6423123612272272,-0.0013261122729204,1.4198474713330125,1.1004460239462708,0.7898107550885259,-0.5304077277622542
2017-10-30,BHF,63.2,63.47,62.43,62.46,825565,-1.1777690097865272,-1.1738709221340569,0.4308763750191182,0.7635463529458512,0.3525152516202403,0.2154185724384681,-0.3415846090096676,-0.4129202561706664,0.1865028468432936,0.3669662180905075,-0.0010955699015919,0.5216275177977407,0.4001681111303013,-0.9109418834297236,-0.2036438868038752
2017-10-31,BHF,62.93,62.95,61.78,62.18,973871,-0.3120906716076115,-0.302967240735767,0.268087724044302,0.4456845032639183,0.3239613420340015,0.0978068384474176,-0.3456821798678078,-0.4653147947394382,0.3105309721726706,0.805336224677914,-0.0010778766043718,0.2987418509336107,-1.178527213845548,-0.9267430385449286,-0.0231539851773166
2017-11-01,BHF,62.15,62.84,61.61,62.05,645672,-0.1631591963938601,-0.1543640831697146,0.1567847705200302,0.502774257641328,0.2911634403999968,-0.0072065112176821,-0.4181856412621366,-0.5274641519577693,0.4670965583929621,-0.1412410731959246,-0.0011395525594949,0.1982433393365099,-0.3126230435650145,-0.1478801633412766,0.0607189178570719
2017-11-02,BHF,57.49,60.19,57.15,59.23,2231031,-2.8624507690144925,-2.904664540943038,-1.0209149777179392,-0.5447496255915738,0.1507540504482936,-0.3682073093891498,-0.324185501991497,-0.0092644601171498,-0.4923898827585416,3.816142328675823,-0.0008990405641808,-0.8191986995536965,-0.1636527161511314,2.2603438453746163,2.6861741883449186
2017-11-03,BHF,59.34,59.45,57.4,57.82,1463337,-1.5150800017380994,-1.5165623863843876,-1.5595422229607931,-0.8407563056543396,-0.0175071696595462,-0.7286980792896794,-0.0794938277616781,0.0870478636970862,-0.9376663705370196,1.6371097344975367,-0.001042133767392,-1.5391827191840968,-2.863648461051281,-1.9615830396297025,1.3635145863441378
2017-11-06,BHF,57.49,58.28,55.93,56.66,1140685,-1.282033114970608,-1.27959576570959,-1.9882651196976315,-1.1879018717796228,-0.1959453341127192,-1.0432859747628094,0.2412615490680492,0.123476792236021,-1.01271083749494,0.7291302063497901,-0.0010968967764815,-1.5673761976256737,-1.5159262011261607,-1.1170798433087727,1.865277211908117
2017-11-07,BHF,56.32,57.02,55.8,56.95,1265932,0.2856561079293847,0.291316958301786,-1.8000734523388795,-1.118395406072487,-0.3239080613659839,-1.16503338470398,0.4652838840698187,0.1363090589760363,-0.9372378645676536,1.065247674433601,-0.0013964533115488,-1.3949403465652712,-1.282818518719119,0.8188117277515164,0.1940290103137796
2017-11-08,BHF,56.58,56.81,55.88,56.29,590055,-0.7545114907964202,-0.7465279316206488,-1.997053693830703,-1.3855890721105897,-0.4478280178521241,-1.252025290297082,0.7276224721316933,0.1163434746213482,-1.2277552897545925,-0.5906977098301233,-0.0011668453286647,-1.674070093984108,0.2852796719651845,-0.4135561708004484,-0.2144008389313369
2017-11-09,BHF,56.14,56.79,56.02,56.5,711822,0.1992687975008156,0.2057818729428312,-1.826609225950428,-1.6440719083905904,-0.5333191621345769,-1.2227037136964878,0.9247738258374876,0.1281748897602823,-1.122600888271171,-0.3174772027902243,-0.0013317927424771,-1.585256083441751,-0.7551592783983998,0.4581622994797306,-0.4555281184860455
2017-11-10,BHF,56.16,56.72,56.08,56.58,531027,0.0551569303976147,0.0628281880372984,-1.7139485037293023,-1.5597234761858676,-0.5927859319425293,-1.132260160518243,1.0865761962820506,0.1314005239458083,-1.0963282603099007,-0.7592717680055051,-0.0013113703655796,-1.5514221746637111,0.198869825420131,0.5387074834651596,-0.6486206484002954
2017-11-13,BHF,56.04,56.52,55.71,55.99,937027,-0.6822049883355676,-0.6738175605700856,-1.8846466109128304,-1.9676989051938747,-0.6572533298958773,-1.0727768487380058,1.2723032628229236,0.142812108919668,-1.203629596674143,0.1792629495027346,-0.001118478107727,-1.7642246933648404,0.0547203634224057,-0.093725352746519,-0.3856425994604593
2017-11-14,BHF,55.68,55.88,55.11,55.38,1077870,-0.711285074559701,-0.703049809959063,-2.0450032173458115,-1.981524146902428,-0.7256820703676177,-1.0353866267631706,1.4764892706937265,0.1287316360041499,-1.439196972330181,0.4324261986827419,-0.0011059279450835,-1.776328631435633,-0.682833913123623,-0.4333843588312641,-0.4325578896664335
2017-11-15,BHF,55.31,56.225,54.66,54.97,1611332,-0.4939168696031132,-0.4848774582685856,-2.1085687617898152,-2.5495644212146717,-0.7886531854058363,-0.9914266152683396,1.6772701183669196,0.1223469101562453,-1.5560586370011968,1.4201303436060202,-0.0010478363859884,-1.766803198959921,-0.7119215855569724,-0.4907462553304621,0.7813965769660961
2017-11-16,BHF,55.03,55.58,54.605,55.42,1076258,0.476665897540633,0.4800239712352608,-1.7905863674422022,-2.5443969607120054,-0.8131706288968381,-0.8572795174750991,1.796193521083008,0.1230378267839885,-1.5545399597783596,0.2189781831228234,-0.0013643301665747,-1.58210809137709,-0.4944966751055313,0.5091222318563486,-0.1251142687555044
2017-11-17,BHF,55.07,55.9,54.97,55.67,518484,0.247850390990968,0.253898740715357,-1.5444864798657032,-2.3286828131593507,-0.815062577539944,-0.6917242049912119,1.8288324629732755,0.0492816196157489,-1.692400394550217,-0.9402954209808612,-0.0013039848233473,-1.4903305779192633,0.4763392908725063,0.7968370917145353,-0.1990659674376321
2017-11-20,BHF,55.59,55.65,54.78,55.46,457850,-0.2678476305261336,-0.2587844825248955,-1.5057205042903046,-2.3225976612903945,-0.8171037195314383,-0.5596639761145474,1.85889287533153,0.0496145371911155,-1.6592097454360963,-1.068598820277207,-0.0011873770165595,-1.5674236892238382,0.2474640925361257,-0.2029981855166103,-0.283957373487222
2017-11-21,BHF,55.32,57.2,55.32,56.91,1395499,1.594738438970271,1.5732277941809003,-0.7325323789024794,-1.6177215932408642,-0.7546526487388554,-0.2880139475156307,1.7439922573144022,0.1974737506038543,-1.4895951746610143,0.846207222964106,-0.0014080600721669,-1.035114111168443,-0.2683684606688594,2.145182697250014,1.1618093847363595
2017-11-22,BHF,56.97,57.6,56.6162,57.45,555720,0.5577497002136795,0.5599566771917522,-0.386546983715896,-0.8193527857989145,-0.6777906754269238,-0.0336005096298367,1.6200896602868018,0.2359023038038592,-1.258437202364329,-0.8646029228113706,-0.0013127271960055,-0.8368746820995343,1.594703507235727,0.6102440402815432,-0.1641570187226387
2017-11-24,BHF,57.6,57.72,56.87,57.29,314002,-0.2063865739441788,-0.1974594423989834,-0.3265502921909253,-0.4098677603919189,-0.6177490222086083,0.1266350263131703,1.3600193419073754,0.1228621659215233,-1.5387483875702654,-1.369307561461477,-0.0012021218908054,-0.895612290712545,0.5574442461200799,-0.4329320612668524,-0.3548126347851807
2017-11-27,BHF,57.25,57.66,56.7901,57.61,601418,0.3147535118364988,0.3201007290158779,-0.0439045530243701,0.2603005846963492,-0.5528944938330443,0.2672117128705385,0.9628606550029846,0.1157826226514788,-1.5569634828011891,-0.7596575671481137,-0.0013193257320962,-0.7544933639281526,-0.2068913705569392,0.4487689104164799,-0.3328928380183951
2017-11-28,BHF,57.46,58.46,57.46,58.01,858273,0.3992763922795192,0.4036367505352409,0.2419106756291175,0.3036259573045766,-0.4818957066031373,0.3954882786364602,0.6306735035633365,0.0979776822673428,-1.213828940692941,-0.2142032265856647,-0.0013551516624694,-0.524941115388411,0.3143846665992305,0.6968557749069466,-0.1546602342855381
2017-11-29,BHF,58.33,60.12,58.33,59.44,877415,1.5017219990611643,1.4830127636238912,0.9632333508058152,1.1163797011065706,-0.3668177970402188,0.6115684333292377,0.3260037966862783,0.2673163209756632,-0.8146488004728082,-0.1638206170652642,-0.0013625134458246,0.0704176438377568,0.3989295967792992,1.4114081453244136,0.9184361592971094
2017-11-30,BHF,59.69,60.14,58.19,58.79,1284156,-0.7138124019695294,-0.7055910137186082,0.741787767047159,0.7046876739783888,-0.2994432290105806,0.6616449771714668,-0.0930676015961215,0.2831627623347599,-0.9390829356885336,0.6177596890142689,-0.0010594559011841,0.6096013748572574,1.501662801849268,-1.1654790009203193,1.1730012467146398
2017-12-01,BHF,58.84,59.05,57.0,58.44,671586,-0.4036426347255006,-0.3944947054272419,0.599120469115676,0.5118169445024939,-0.2585387352174541,0.6335726968326124,-0.1608548836648725,-0.1730195751900213,-0.3633637320780409,-0.5310493207473707,-0.0011528076708771,0.4219015862213875,-0.714449572278274,-0.5399248796137485,1.3321661972317846
2017-12-04,BHF,58.89,59.81,58.18,58.49,1084281,0.0202705872516788,0.0281725386433657,0.6063058843508675,0.8228249223305341,-0.2232761983318376,0.5965925726057159,-0.1233335621501557,-0.3345991105949713,0.0027061733810097,0.451545212395635,-0.0013833006504643,0.4519303263970223,-0.4041988901178082,-0.5394888052982706,0.7312201326418429
2017-12-05,BHF,58.45,59.03,58.18,58.25,591049,-0.2884573013806294,-0.2793621493493161,0.4581667328248436,1.0347704005327938,-0.2041189189846143,0.5255538175661865,-0.0900670352179783,-0.4657186743640598,0.2446588380414775,-0.6398075843012033,-0.0011619817118241,0.3077923735539862,0.0198249193716152,-0.2848342075200246,-0.3751911894943088
2017-12-06,BHF,58.05,58.89,58.05,58.17,354055,-0.1185006439081122,-0.1098733989128493,0.3926891568358521,1.2439126895466448,-0.1915728941507077,0.4517055582274884,-0.0633787105049055,-0.4682572740975289,0.1471427239021474,-1.1552890078453384,-0.0011957178675044,0.2597463892729756,-0.2889835080299368,0.1298628499939254,-0.3878457876408099
2017-12-07,BHF,58.19,59.08,57.84,58.63,674443,0.4593315699678253,0.4629223318702142,0.5490958273460056,1.246209358477568,-0.163339749784995,0.433005326383672,-0.0321612888241932,-0.513007531814851,0.4430493582089045,-0.3597090008762493,-0.0013307319216255,0.536010798888793,-0.1189825134550014,0.5449634881659764,0.1713004463900148
2017-12-08,BHF,58.59,60.22,58.42,60.2,762574,1.6341559077033387,1.611418494263288,1.18067809155153,1.4983958017952583,-0.0799509544227571,0.5600148370903637,0.121259838180966,-0.3287551218005549,0.7942970895412834,-0.1455434108145015,-0.00134549412159,1.4310383905279107,0.4590004412417318,2.0497779039731334,0.9005954773691958
2017-12-11,BHF,60.27,60.5535,59.7025,59.97,692116,-0.2708589770163726,-0.2617907262110205,0.9945835028903413,1.486709053015191,-0.0243321817897016,0.5901428852010584,0.2186839565553446,-0.3153247045772012,0.7124700786924695,-0.3379037134825499,-0.0011458324257323,1.116803283234712,1.6341312589219563,-0.4023831768400187,-0.4086813912280966
2017-12-12,BHF,60.08,60.41,59.4612,59.98,802034,-0.0226145127034283,-0.0144555694276338,0.9045755948955246,1.2047644944182,0.0182333303543211,0.580646455897701,0.2620798063137822,-0.3687782622521546,0.8791265969593632,-0.0504993078589285,-0.0013511840249432,1.1223915517686989,-0.2713805927380792,-0.1520685234918662,-0.2729876667722666
2017-12-13,BHF,59.79,60.24,59.31,59.37,946954,-0.6661638135440756,-0.6576983537600406,0.5342759227278033,0.6733722646440442,0.0259644293007516,0.4833861325454333,0.1939348962182544,-0.3750386659177549,0.8906547328111164,0.3288548664674845,-0.0011094235242379,0.7815071711954586,-0.0230713681479992,-0.5570365670345196,-0.2858329261657937
2017-12-14,BHF,59.75,60.74,58.27,58.73,1207341,-0.7041286689417139,-0.6958546776705258,0.158219922336813,0.4136832404977997,0.0051482913844991,0.3320977776087723,0.0266111367033903,-0.3491671642645105,0.8370969303846375,1.0591176954060453,-0.0010805609204894,0.3537826005613583,-0.6667885536228044,-1.3160708749329186,1.9137318142213804
2017-12-15,BHF,58.99,59.22,57.85,58.45,1469371,-0.3298162456670848,-0.3206775128797707,-0.0368697827529328,0.1645777690337432,-0.0237901263649875,0.190160485190621,-0.1322590377882659,-0.3386724322052212,0.6354866923039387,1.6405257335593928,-0.0010562630746675,0.1656345037460224,-0.7047633130260114,-0.7179246876007197,0.3620888820116797
2017-12-18,BHF,58.44,59.28,58.03,58.68,944696,0.2119885356424514,0.2183835495109972,-0.0013659005039752,0.1000414942433241,-0.0389197331476757,0.1121542929712712,-0.2960107926929427,-0.3391949842727393,0.6266044954138543,0.2637655371868848,-0.001355033455151,0.2939166771708149,-0.3303532417480979,0.2839577208516477,0.1840011514618625
2017-12-19,BHF,58.91,59.3,58.2,58.34,893081,-0.393727684999834,-0.3845758733917918,-0.2185757928765725,-0.7536340890652433,-0.0652351197504185,0.0209573344978669,-0.5472012774710758,-0.3301842852232609,0.5951855568291511,0.0817385634948629,-0.0011320421621469,-0.0290835522096927,0.2115928817979637,-0.7573387464320446,-0.0199329991266589
2017-12-20,BHF,58.51,58.99,58.02,58.14,744066,-0.2464277794198163,-0.2374051385088251,-0.335547986116373,-0.5510263952663706,-0.0945674048534859,-0.059765677085945,-0.6324130114278247,-0.5083725046139703,0.1499445211632286,-0.2023256862989712,-0.0011540430559169,-0.6529726463595372,-0.3942813538495019,-0.5040837788391083,-0.2008761277931366
2017-12-21,BHF,58.44,60.46,58.275,60.39,1080043,2.376370733209073,2.326170639265535,0.6041660042923194,0.6101042850032024,-0.030606609226278,0.1157906974422433,-0.5911765960165831,-0.1234447744096965,0.5841062632361447,0.5461903458091864,-0.001367426339592,1.1483235639337206,-0.246943021701811,2.494661906758626,1.4240723123458832
2017-12-22,BHF,60.64,61.01,59.318,59.54,533560,-0.9092890033728064,-0.9024575589779302,0.1737626562439742,0.1982088682535644,-0.0148939552747461,0.1320459109647995,-0.653848889524871,-0.0606689202542934,0.4093206836658336,-0.7809737591416387,-0.0011781971090103,0.2849018190806162,2.376539708232866,-1.3968139729607512,0.7770458301843601
2017-12-26,BHF,59.56,60.06,59.15,59.69,411354,0.1238515488997005,0.1310118976023529,0.1937123977479308,0.3480756336810114,0.0017455197952261,0.1474357033868413,-0.6966135403908994,-0.0639719911905445,0.3627786135252512,-1.0593436213924423,-0.0012913149587396,0.3486344555783984,-0.909977168248199,0.1385882857951803,-0.3207562683047121
2017-12-27,BHF,59.71,59.95,58.69,59.07,281358,-0.6796702472587426,-0.6712702101129343,-0.1057510152705376,0.125199224851837,-0.0110369795233618,0.0840158817362894,-0.7341212224814567,-0.0363150334580757,0.1008861340561499,-1.3467520354724938,-0.0012088705152798,-0.1653287746496159,0.1234329024954264,-0.8361162913118219,0.1863886886526005
2017-12-28,BHF,59.1,59.34,58.67,59.16,336853,0.0618613020451694,0.0694860040462581,-0.059503528127801,0.0045151148934504,-0.0191011491247322,0.0454249238837355,-0.7396456496303482,-0.1899824888878835,-0.2366598882245696,-1.1805493192550538,-0.0012827333439183,-0.0907212089713586,-0.6802985108012992,0.0503857691052645,-0.6474703544387601
2017-12-29,BHF,59.24,59.47,58.62,58.64,304644,-0.5802269338437983,-0.5714148232413799,-0.2874104562118869,-0.843748798851847,-0.0471100736000673,-0.0367852981026114,-0.7360776971358352,-0.2014992369231241,-0.2049490100590369,-1.2113856953733797,-0.0012059816359782,-0.521787144001305,0.0614264840594781,-0.7915270690227632,-0.3832793845140892
2018-01-02,BHF,58.12,58.44,57.51,57.67,728407,-1.062844207676887,-1.057544805279218,-0.7020388770254383,-1.0622825559498223,-0.1079342504901442,-0.1870193705052897,-0.682518904850986,-0.1387825094291354,-0.3609855590407643,-0.0605170269450144,-0.00115604069479,-1.7293402006808043,-0.5808292553112562,-0.6112839170316655,-0.2473495786617073
2018-01-03,BHF,57.64,58.93,57.51,58.51,716006,0.8738316229584608,0.8705699141247316,-0.3286788771126169,-0.6932079274388432,-0.1233533186852575,-0.1903346602780724,-0.6832097895694355,-0.0817126586423395,-0.1624550486978819,-0.0446753302987979,-0.0013253215307123,-0.9315366316946097,-1.063572430958471,1.1140382910886495,0.4313050533875318
2018-01-04,BHF,58.77,59.75,58.695,59.49,563741,1.0097808625816411,1.0036892811411653,0.079615979321995,-0.1495304550646601,-0.097575869232551,-0.0869477648530117,-0.6964278019050195,-0.0214904502043016,0.1451637610638201,-0.4669219368118891,-0.0013097488038874,-0.0007658012107075,0.8736086261030163,0.8992795919995519,-0.1133510221759466
2018-01-05,BHF,59.52,60.79,59.2501,60.63,862661,1.1600475398761736,1.1504958200703943,0.5303450231615543,0.4027821508488396,-0.0335905646185672,0.0941081129386384,-0.6472533453267731,0.0511759808113309,0.4536148813876552,0.2873494558727912,-0.001347835782536,1.081967613841991,1.009593331211636,1.382663313529168,0.5253937162370095
2018-01-08,BHF,60.6,60.6,59.77,60.49,467362,-0.1767553247571401,-0.1679154551449125,0.4261271624066771,0.4559308111116014,0.009799361365031,0.1859406651188653,-0.6059445549081628,0.0468465937077304,0.2984446280478879,-0.7633178747297803,-0.0011835120314374,0.9490003523442908,1.1598992090244669,-0.1634567549412584,-0.447780947248969
2018-01-09,BHF,60.51,61.81,60.51,61.71,883004,1.2226628385529534,1.2115667048100438,0.9316937502757712,0.6769271095475393,0.0894725361406682,0.3527991646515872,-0.4592342895620532,-0.0243236606090467,0.2009066013285581,0.3562402849565155,-0.0013522156401112,1.3655722048105017,-0.1772523913771511,1.4719836010635032,0.1643577882606528
2018-01-10,BHF,61.74,64.78,61.19,64.0,1527985,2.2773411125429326,2.231280865431875,1.8488406586240151,1.1712594322408842,0.238295433916695,0.6642761608948909,-0.0041977543718241,0.2477929522251813,0.8194630962919982,1.8885486440737616,-0.0014399879725745,1.0862265377217517,1.222530842341805,2.7392654780191013,3.0835774168748613
2018-01-11,BHF,64.4,65.73,63.4,65.25,1032999,1.1829812518424088,1.172870860776996,2.273142973127251,1.3849355785841466,0.3991360590239103,0.944391181159461,0.4883930214787358,0.297700266709305,1.1229217825587916,0.5760024161012984,-0.0013862860856459,1.2487659616852935,2.2774842534128936,0.9708731601143328,1.3846791933974782
2018-01-12,BHF,65.5,65.6,65.03,65.36,853491,0.0719600354899601,0.079513260007452,2.178458944433986,1.121989173572154,0.5232052089059929,1.0738340531484234,0.8481714380818605,0.2524047895614979,1.3142887840728708,0.1334477158252011,-0.0013678080526753,1.293250142843283,1.182838903776851,-0.1878012824952974,-0.8645140795350442
2018-01-16,BHF,65.59,65.59,62.97,63.22,916634,-2.0714323993393045,-2.085966480743677,1.1411332693872505,0.6812161278767891,0.5295098550498684,0.8742645453880709,0.9186408659644814,0.4888834289039864,0.9553326422733164,0.3382764177117719,-0.0011020124047396,0.4278306184969409,0.071527851991118,-2.7562712822208786,1.862536444371324
2018-01-17,BHF,63.53,64.59,63.39,64.36,508344,1.0896575910574258,1.081770050931871,1.50062827287573,0.8340368991241477,0.5710924137747955,0.8054136788677236,1.0284551804950346,0.5086164745763634,1.3175103497463605,-0.6359164895810328,-0.0013169709630962,0.8888484959524692,-2.0724237360441373,0.9607443917424436,-0.0374234792044801
2018-01-18,BHF,64.27,64.74,63.05,63.49,577090,-0.874582317504203,-0.8674583566461798,1.0153113399112306,0.7616019175798954,0.5616371494473702,0.6189625077111779,1.053990696357484,0.5710172585127374,1.0363796144183104,-0.4041408278376054,-0.0011560858997633,0.537019063157462,1.0894908973688853,-0.9432356799220658,0.627073517365531
2018-01-19,BHF,63.77,64.71,63.18,64.19,773757,0.6534211289282152,0.6541374008443385,1.1847781136076638,0.846678613208244,0.5733869383020985,0.5243830126399726,1.0736680409022683,0.5588209457737153,1.305205852520445,0.1733909860238844,-0.0013553366362511,0.8201002159810299,-0.8752614283424732,0.471280277864189,0.3951461822238648
2018-01-22,BHF,63.77,64.61,63.26,64.41,585325,0.1803824933198051,0.1870661343554024,1.1381979913928353,1.0244832872845095,0.582941048099464,0.4430677764871267,1.056493937624932,0.5454439173609288,1.4163666257944316,-0.3475658791395876,-0.0013315123977921,0.9090685782970084,0.6531406329268521,0.7319262357645079,0.155457033774022
2018-01-23,BHF,63.98,65.0,63.7,64.95,632923,0.4889623523718783,0.4921525007993959,1.2662816619509611,1.3905268335629963,0.603116300439777,0.4053542256315147,1.1475028229231428,0.3142546436318307,0.9414925121787104,-0.1488208558719904,-0.0013419079862302,1.1274454676180503,0.1799785943123663,1.1191231428880786,0.0767764385991171
2018-01-24,BHF,65.03,65.57,64.55,64.62,408103,-0.3493186354232259,-0.3401689215244373,1.0131660647390954,1.1884041054039025,0.5975338373765439,0.3088834689074577,1.1627225922402231,0.2620525524635455,1.085591097871435,-0.8106204550347715,-0.0011763750550684,0.9939929241440828,0.4886389535167631,-0.5026541168363361,-0.2758228716968431
2018-01-25,BHF,64.75,65.47,64.5,64.89,453421,0.2271350328476482,0.2333861158669539,1.0126490049076768,1.0982746943334192,0.5951787258511754,0.2400140108290604,1.1732093567014934,0.2613932362526851,1.1119678064501466,-0.6779321324159334,-0.0013146881961894,1.103181368804601,-0.3498607191510829,0.1370386603031763,-0.345513551783154
2018-01-26,BHF,65.24,65.92,64.75,65.73,489281,0.772933244955791,0.771586440709247,1.2193890006426258,1.0570024848634736,0.617556070960706,0.2485793619848481,1.162604792666711,0.2245956943701368,1.488396078764319,-0.5923791440021465,-0.0013224490069031,1.3677783369593466,0.2267433303152647,0.5411324793206174,-0.1078489979153078
2018-01-29,BHF,65.75,67.55,65.45,67.46,986924,1.605622622284376,1.5837755893637235,1.7587831487641543,1.315511961976358,0.6936830330689193,0.3937822317851107,1.2326385905159436,0.3083794544671693,1.8930092065113668,0.7508933227288062,-0.0014083100978255,1.4130803121162094,0.7726839264381894,1.9386044016078103,1.0030402307808406
2018-01-30,BHF,66.84,66.84,64.12,65.06,1228389,-2.2479277062089444,-2.267701856873805,0.6206219970877758,0.4765831893354239,0.6503675141995371,0.2025016377453443,1.0660129698417076,0.6080740949715084,1.440429733570652,1.2232742581752725,-0.0010235112820555,0.6184552434048587,1.6055905299393416,-2.0383180108431787,1.8929542568461928
2018-01-31,BHF,64.85,65.02,63.5,64.26,1045129,-0.7985421543161121,-0.7908463938734637,0.1507127468001321,-0.1315650287229537,0.5762167413966405,-0.0298922502943018,0.7158368375986957,0.5764041049893012,1.510767567815546,0.6790442895201395,-0.0010698643571416,0.3535802205010753,-2.248965085773253,-0.7136805176190772,0.3800129500990487
2018-02-01,BHF,63.71,64.42,63.23,64.09,876730,-0.1976998459579942,-0.1887968355273559,-0.0349339469838442,-0.4677705866362907,0.5032638108919808,-0.2127241352707512,0.3800097102005905,0.5711893265855649,1.2331545032411506,0.2168238181335523,-0.0011062151551455,0.1439890718370405,-0.7992014283291982,0.4243140936435789,-0.0438808903132599
2018-02-02,BHF,63.62,63.89,62.09,62.15,976065,-1.9175426610458048,-1.9279419745355384,-0.8850002420116959,-0.8602455282076271,0.3632151073023562,-0.5316930081446916,0.1458197757610327,0.7481278655907001,0.4892085725393656,0.4084803740442709,-0.001097873461304,-0.7198678233308523,-0.1982023764379997,-1.772011681094945,0.8224097528288351
2018-02-05,BHF,61.62,62.68,59.08,59.13,1448380,-3.05824581369863,-3.10899339817841,-2.0947064201351013,-0.9939887489115732,0.1301747829824409,-1.0262269373886397,0.3208609985620411,1.093342612921454,-0.5308255276035305,1.4674687273405946,-0.0010384479357971,-1.8616795176141725,-1.9184938520735613,-3.079285474086828,3.482701008787055
2018-02-06,BHF,58.65,59.2,56.53,58.78,1545715,-0.4015114011525399,-0.3923625032750312,-2.2060629143182555,-1.3484384745881774,-0.0691844481363939,-1.3351595266912777,0.509457061253698,1.0967307567008342,-0.5826530065216372,1.475779279115609,-0.0010396650688697,-1.2025905838661584,-3.05949458337532,0.1411469115641801,2.194319072306117
2018-02-07,BHF,58.53,60.26,58.53,59.0,1123287,0.2000214501379442,0.2065276110335659,-2.0640738374752825,-1.1667721831847038,-0.2177063923190205,-1.451451296703923,0.7291063068886303,1.026566893197362,-0.8124380450734714,0.4796313115029953,-0.0013802034765358,-1.1362276130642213,-0.4020671005635602,0.5803695763523193,0.8523995979423917
